Workbook

Sheet How to use
A1: Control crosswalk: map once, comply many
A2: Part of the IT/OT Monday Kit | free to use and adapt
A4: Most mandates ask for the same things. This workbook lets you meet each ask once and show it to every regulator, auditor, insurer or customer.
A5: 1. Mandates sheet: list every regulation, framework, insurer or customer requirement you face, and pick its category.
A6: 2. Crosswalk sheet: for each control, set an owner and status, and note where your evidence lives.
A7: 3. In the five category columns, write the clause or requirement reference each mandate uses for that control (or just an X). The 'Mandates covered' column counts how many categories ask for the control.
A8: 4. Summary sheet: shows status by control family. Controls asked for by many mandates and still 'Not started' are your best first investments.
A9: 5. When a new mandate arrives, add its references to the existing rows. Only add a new row if it asks for something genuinely new.
A10: The 30 starter controls are generic and deliberately short. Rename, split or add controls to fit your plants.
A12: Shaded cells are for you to fill in.

Sheet Crosswalk
A1: Crosswalk
A2: One row per control. Category columns hold the clause reference each mandate uses.
A4: Control family | B4: ID | C4: Control (what good looks like) | D4: Owner | E4: Status | F4: Evidence (where it lives) | G4: Environmental and process safety | H4: National cyber directives and sector rules | I4: Cross-border cyber resilience laws | J4: Industry frameworks and standards | K4: Insurer and customer requirements | L4: Mandates covered
A5: Asset inventory | B5: AI-1 | C5: Keep a list of OT assets (controllers, HMIs, servers, network devices) with location and owner. | E5: Not started | L5: =COUNTA(G5:K5)
A6: Asset inventory | B6: AI-2 | C6: Record firmware and software versions and whether each is still supported. | E6: Not started | L6: =COUNTA(G6:K6)
A7: Asset inventory | B7: AI-3 | C7: Flag safety-critical and environmentally critical assets. | E7: Not started | L7: =COUNTA(G7:K7)
A8: Asset inventory | B8: AI-4 | C8: Review the inventory at least once a year and after major changes. | E8: Not started | L8: =COUNTA(G8:K8)
A9: Segmentation | B9: SG-1 | C9: Separate OT networks from business IT with a controlled boundary. | E9: Not started | L9: =COUNTA(G9:K9)
A10: Segmentation | B10: SG-2 | C10: Document every connection between IT, OT, cloud and vendors. | E10: Not started | L10: =COUNTA(G10:K10)
A11: Segmentation | B11: SG-3 | C11: Allow only the traffic each zone actually needs. | E11: Not started | L11: =COUNTA(G11:K11)
A12: Access and remote access | B12: AC-1 | C12: List every remote access path into OT (vendor tools, VPNs, modems, cellular). | E12: Not started | L12: =COUNTA(G12:K12)
A13: Access and remote access | B13: AC-2 | C13: Use individual accounts and multi-factor authentication for remote access. | E13: Not started | L13: =COUNTA(G13:K13)
A14: Access and remote access | B14: AC-3 | C14: Remove or change default passwords on OT devices. | E14: Not started | L14: =COUNTA(G14:K14)
A15: Access and remote access | B15: AC-4 | C15: Review access rights at least yearly and when staff or vendors change. | E15: Not started | L15: =COUNTA(G15:K15)
A16: Vulnerability and patching | B16: VM-1 | C16: Track vulnerabilities that affect your OT assets. | E16: Not started | L16: =COUNTA(G16:K16)
... A34: Governance and reporting | B34: GV-5 | C34: Train OT staff on security basics and IT staff on plant operations. | E34: Not started | L34: =COUNTA(G34:K34)

Sheet Mandates
A1: Mandates
A2: Everything you are asked to comply with, in one list
A4: Mandate or requirement | B4: Category | C4: Applies to (sites, systems) | D4: Key deadlines | E4: Reporting obligations | F4: Owner | G4: Notes

Sheet Summary
A1: Summary
A2: Calculated from the Crosswalk sheet
A4: Control family | B4: Controls | C4: In place | D4: Partial | E4: Not started | F4: % in place
A5: Asset inventory | B5: =COUNTIF(Crosswalk!$A$5:$A$34,A5) | C5: =COUNTIFS(Crosswalk!$A$5:$A$34,$A5,Crosswalk!$E$5:$E$34,"In place") | D5: =COUNTIFS(Crosswalk!$A$5:$A$34,$A5,Crosswalk!$E$5:$E$34,"Partial") | E5: =COUNTIFS(Crosswalk!$A$5:$A$34,$A5,Crosswalk!$E$5:$E$34,"Not started") | F5: =IF(B5=0,0,C5/B5)
A6: Segmentation | B6: =COUNTIF(Crosswalk!$A$5:$A$34,A6) | C6: =COUNTIFS(Crosswalk!$A$5:$A$34,$A6,Crosswalk!$E$5:$E$34,"In place") | D6: =COUNTIFS(Crosswalk!$A$5:$A$34,$A6,Crosswalk!$E$5:$E$34,"Partial") | E6: =COUNTIFS(Crosswalk!$A$5:$A$34,$A6,Crosswalk!$E$5:$E$34,"Not started") | F6: =IF(B6=0,0,C6/B6)
A7: Access and remote access | B7: =COUNTIF(Crosswalk!$A$5:$A$34,A7) | C7: =COUNTIFS(Crosswalk!$A$5:$A$34,$A7,Crosswalk!$E$5:$E$34,"In place") | D7: =COUNTIFS(Crosswalk!$A$5:$A$34,$A7,Crosswalk!$E$5:$E$34,"Partial") | E7: =COUNTIFS(Crosswalk!$A$5:$A$34,$A7,Crosswalk!$E$5:$E$34,"Not started") | F7: =IF(B7=0,0,C7/B7)
A8: Vulnerability and patching | B8: =COUNTIF(Crosswalk!$A$5:$A$34,A8) | C8: =COUNTIFS(Crosswalk!$A$5:$A$34,$A8,Crosswalk!$E$5:$E$34,"In place") | D8: =COUNTIFS(Crosswalk!$A$5:$A$34,$A8,Crosswalk!$E$5:$E$34,"Partial") | E8: =COUNTIFS(Crosswalk!$A$5:$A$34,$A8,Crosswalk!$E$5:$E$34,"Not started") | F8: =IF(B8=0,0,C8/B8)
A9: Monitoring and detection | B9: =COUNTIF(Crosswalk!$A$5:$A$34,A9) | C9: =COUNTIFS(Crosswalk!$A$5:$A$34,$A9,Crosswalk!$E$5:$E$34,"In place") | D9: =COUNTIFS(Crosswalk!$A$5:$A$34,$A9,Crosswalk!$E$5:$E$34,"Partial") | E9: =COUNTIFS(Crosswalk!$A$5:$A$34,$A9,Crosswalk!$E$5:$E$34,"Not started") | F9: =IF(B9=0,0,C9/B9)
A10: Incident response and recovery | B10: =COUNTIF(Crosswalk!$A$5:$A$34,A10) | C10: =COUNTIFS(Crosswalk!$A$5:$A$34,$A10,Crosswalk!$E$5:$E$34,"In place") | D10: =COUNTIFS(Crosswalk!$A$5:$A$34,$A10,Crosswalk!$E$5:$E$34,"Partial") | E10: =COUNTIFS(Crosswalk!$A$5:$A$34,$A10,Crosswalk!$E$5:$E$34,"Not started") | F10: =IF(B10=0,0,C10/B10)
A11: Supply chain and vendors | B11: =COUNTIF(Crosswalk!$A$5:$A$34,A11) | C11: =COUNTIFS(Crosswalk!$A$5:$A$34,$A11,Crosswalk!$E$5:$E$34,"In place") | D11: =COUNTIFS(Crosswalk!$A$5:$A$34,$A11,Crosswalk!$E$5:$E$34,"Partial") | E11: =COUNTIFS(Crosswalk!$A$5:$A$34,$A11,Crosswalk!$E$5:$E$34,"Not started") | F11: =IF(B11=0,0,C11/B11)
A12: Governance and reporting | B12: =COUNTIF(Crosswalk!$A$5:$A$34,A12) | C12: =COUNTIFS(Crosswalk!$A$5:$A$34,$A12,Crosswalk!$E$5:$E$34,"In place") | D12: =COUNTIFS(Crosswalk!$A$5:$A$34,$A12,Crosswalk!$E$5:$E$34,"Partial") | E12: =COUNTIFS(Crosswalk!$A$5:$A$34,$A12,Crosswalk!$E$5:$E$34,"Not started") | F12: =IF(B12=0,0,C12/B12)
A13: Total | B13: =SUM(B5:B12) | C13: =SUM(C5:C12) | D13: =SUM(D5:D12) | E13: =SUM(E5:E12) | F13: =IF(B13=0,0,C13/B13)
